{
    "australiacentral": {
        "D8s": 0.875,
        "D4s": 0.438,
        "D64s": 7.0,
        "D16s": 1.75,
        "D2s": 0.207936,
        "D32s": 3.5
    },
    "japaneast": {
        "D8s": 0.891,
        "D2s": 0.215517,
        "D16s": 1.78,
        "D64s": 7.13,
        "D32s": 3.56,
        "D4s": 0.446
    },
    "westcentralus": {
        "D16s": 1.63,
        "D2s": 0.204193,
        "D32s": 3.26,
        "D8s": 0.815,
        "D4s": 0.408,
        "D64s": 6.52
    },
    "eastus2": {
        "D2s": 0.19,
        "D64s": 6.07,
        "D16s": 1.52,
        "D4s": 0.38,
        "D32s": 3.04,
        "D8s": 0.759
    },
    "usgovtexas": {
        "D16s": 1.76,
        "D64s": 7.03,
        "D2s": 0.207936,
        "D32s": 3.52,
        "D8s": 0.879,
        "D4s": 0.44
    },
    "southafricanorth": {
        "D64s": 7.29,
        "D2s": 0.222148,
        "D8s": 0.911,
        "D32s": 3.64,
        "D4s": 0.456,
        "D16s": 1.82
    },
    "centralus": {
        "D32s": 3.26,
        "D4s": 0.408,
        "D8s": 0.815,
        "D64s": 6.52,
        "D2s": 0.204193,
        "D16s": 1.63
    },
    "usgovvirginia": {
        "D32s": 3.52,
        "D64s": 7.03,
        "D8s": 0.879,
        "D4s": 0.44,
        "D2s": 0.215042,
        "D16s": 1.76
    },
    "westus3": {
        "D64s": 6.75,
        "D32s": 3.37,
        "D16s": 1.69,
        "D2s": 0.200393,
        "D4s": 0.422,
        "D8s": 0.843
    },
    "australiacentral2": {
        "D32s": 3.5,
        "D4s": 0.438,
        "D8s": 0.875,
        "D64s": 7.0,
        "D2s": 0.207936,
        "D16s": 1.75
    },
    "japanwest": {
        "D64s": 7.13,
        "D8s": 0.891,
        "D16s": 1.78,
        "D32s": 3.56,
        "D2s": 0.215517,
        "D4s": 0.446
    },
    "australiasoutheast": {
        "D32s": 3.5,
        "D16s": 1.75,
        "D4s": 0.438,
        "D8s": 0.875,
        "D2s": 0.207936,
        "D64s": 7.0
    },
    "canadaeast": {
        "D8s": 0.819,
        "D64s": 6.55,
        "D16s": 1.64,
        "D32s": 3.28,
        "D2s": 0.205124,
        "D4s": 0.41
    },
    "southcentralus": {
        "D32s": 3.26,
        "D64s": 6.52,
        "D8s": 0.815,
        "D2s": 0.204193,
        "D16s": 1.63,
        "D4s": 0.408
    },
    "southindia": {
        "D2s": 0.219127,
        "D32s": 3.66,
        "D64s": 7.33,
        "D8s": 0.916,
        "D16s": 1.83,
        "D4s": 0.459
    },
    "francesouth": {
        "D32s": 3.83,
        "D16s": 1.92,
        "D8s": 0.957,
        "D2s": 0.247665,
        "D4s": 0.479,
        "D64s": 7.66
    },
    "brazilsouth": {
        "D8s": 1.01,
        "D64s": 8.09,
        "D2s": 0.272232,
        "D32s": 4.04,
        "D4s": 0.506,
        "D16s": 2.02
    },
    "northeurope": {
        "D2s": 0.201343,
        "D64s": 6.43,
        "D8s": 0.803,
        "D32s": 3.21,
        "D16s": 1.61,
        "D4s": 0.402
    },
    "southafricawest": {
        "D64s": 8.38,
        "D16s": 2.09,
        "D32s": 4.19,
        "D2s": 0.251503,
        "D4s": 0.524,
        "D8s": 1.05
    },
    "koreasouth": {
        "D2s": 0.203243,
        "D4s": 0.409,
        "D32s": 3.27,
        "D8s": 0.818,
        "D16s": 1.64,
        "D64s": 6.55
    },
    "eastus": {
        "D16s": 1.52,
        "D64s": 6.07,
        "D32s": 3.04,
        "D8s": 0.759,
        "D4s": 0.38,
        "D2s": 0.19
    },
    "koreacentral": {
        "D2s": 0.215517,
        "D64s": 6.94,
        "D8s": 0.867,
        "D16s": 1.73,
        "D32s": 3.47,
        "D4s": 0.434
    },
    "uaecentral": {
        "D16s": 2.0,
        "D2s": 0.240559,
        "D4s": 0.5,
        "D32s": 4.0,
        "D64s": 7.99,
        "D8s": 0.999
    },
    "norwaywest": {
        "D2s": 0.296,
        "D4s": 0.593,
        "D16s": 2.371,
        "D32s": 4.742,
        "D8s": 1.184,
        "D64s": 9.469
    },
    "canadacentral": {
        "D2s": 0.205124,
        "D64s": 6.55,
        "D16s": 1.64,
        "D8s": 0.819,
        "D32s": 3.28,
        "D4s": 0.41
    },
    "norwayeast": {
        "D2s": 0.272,
        "D4s": 0.543,
        "D8s": 1.085,
        "D64s": 8.68,
        "D32s": 4.347,
        "D16s": 2.174
    },
    "westindia": {
        "D32s": 3.47,
        "D4s": 0.434,
        "D64s": 6.94,
        "D2s": 0.20843,
        "D16s": 1.73,
        "D8s": 0.867
    },
    "eastasia": {
        "D8s": 0.903,
        "D64s": 7.23,
        "D32s": 3.61,
        "D2s": 0.245765,
        "D16s": 1.81,
        "D4s": 0.452
    },
    "francecentral": {
        "D8s": 0.823,
        "D2s": 0.212686,
        "D16s": 1.65,
        "D64s": 6.59,
        "D32s": 3.29,
        "D4s": 0.412
    },
    "brazilsoutheast": {
        "D2s": 0.38,
        "D16s": 2.404,
        "D64s": 9.616,
        "D4s": 0.601,
        "D8s": 1.202,
        "D32s": 4.808
    },
    "swedencentral": {
        "D64s": 6.84,
        "D2s": 0.215517,
        "D8s": 0.855,
        "D32s": 3.42,
        "D4s": 0.428,
        "D16s": 1.71
    },
    "southeastasia": {
        "D32s": 3.5,
        "D2s": 0.215517,
        "D64s": 7.0,
        "D8s": 0.875,
        "D16s": 1.75,
        "D4s": 0.438
    },
    "germanynorth": {
        "D4s": 0.487,
        "D64s": 7.79,
        "D8s": 0.973,
        "D16s": 1.95,
        "D2s": 0.243884,
        "D32s": 3.89
    },
    "centralindia": {
        "D16s": 1.59,
        "D64s": 6.36,
        "D2s": 0.197714,
        "D32s": 3.18,
        "D8s": 0.795,
        "D4s": 0.398
    },
    "ukwest": {
        "D32s": 3.36,
        "D4s": 0.42,
        "D8s": 0.839,
        "D2s": 0.212686,
        "D64s": 6.71,
        "D16s": 1.68
    },
    "switzerlandnorth": {
        "D2s": 0.281257
    },
    "uaenorth": {
        "D4s": 0.428,
        "D16s": 1.71,
        "D8s": 0.855,
        "D64s": 6.84,
        "D2s": 0.208905,
        "D32s": 3.42
    },
    "switzerlandwest": {
        "D2s": 0.2375
    },
    "westeurope": {
        "D2s": 0.215517,
        "D64s": 6.84,
        "D16s": 1.71,
        "D8s": 0.855,
        "D32s": 3.42,
        "D4s": 0.428
    },
    "westus2": {
        "D32s": 3.04,
        "D8s": 0.759,
        "D16s": 1.52,
        "D4s": 0.38,
        "D64s": 6.07,
        "D2s": 0.19
    },
    "germanywestcentral": {
        "D4s": 0.418,
        "D32s": 3.34,
        "D8s": 0.835,
        "D2s": 0.208164,
        "D64s": 6.68,
        "D16s": 1.67
    },
    "australiaeast": {
        "D4s": 0.438,
        "D2s": 0.207936,
        "D64s": 7.0,
        "D8s": 0.875,
        "D32s": 3.5,
        "D16s": 1.75
    },
    "westus": {
        "D4s": 0.422,
        "D2s": 0.200393,
        "D64s": 6.75,
        "D32s": 3.37,
        "D16s": 1.69,
        "D8s": 0.843
    },
    "northcentralus": {
        "D16s": 1.55,
        "D4s": 0.388,
        "D32s": 3.1,
        "D2s": 0.19,
        "D8s": 0.775,
        "D64s": 6.2
    },
    "usgovarizona": {
        "D8s": 0.879,
        "D4s": 0.44,
        "D64s": 7.03,
        "D32s": 3.52,
        "D2s": 0.207936,
        "D16s": 1.76
    },
    "swedensouth": {
        "D64s": 8.892,
        "D4s": 0.5564,
        "D8s": 1.1115,
        "D2s": 0.280172,
        "D16s": 2.223,
        "D32s": 4.446
    },
    "uksouth": {
        "D16s": 1.68,
        "D32s": 3.36,
        "D64s": 6.71,
        "D4s": 0.42,
        "D8s": 0.839,
        "D2s": 0.212686
    }
}